Monday,120,101A,13:00
Monday,120,101A,13:00
TUESDAY,60,101A,14:00
Friday,60,103C,10:00
Monday,120,102B,11:00
Wednesday,60,201A,17:00
Thursday,90,103C,08:00
Tuesday,60,201A,17:00
Wednesday,120,101A,10:00
Friday,120,202B,15:00
Thursday,60,201A,13:00
Tuesday,120,103C,13:00
Wednesday,120,102B,17:00
Wednesday,60,103C,15:00
Wednesday,120,202B,14:00
Wednesday,120,101A,13:00
Tuesday,60,101A,09:00
Tuesday,90,202B,09:00
Tuesday,90,102B,14:00
Friday,60,202B,10:00
Monday,90,202B,13:00
Friday,120,201A,09:00
